[
  {
    "fullName": "Ann Mcenaney",
    "boughtCars": 2,
    "spentMoney": 3163.98
  },
  {
    "fullName": "Sylvie Mcelravy",
    "boughtCars": 2,
    "spentMoney": 3041.89
  },
  {
    "fullName": "Johnette Derryberry",
    "boughtCars": 5,
    "spentMoney": 2658.95
  },
  {
    "fullName": "Zada Attwood",
    "boughtCars": 6,
    "spentMoney": 2644.94
  },
  {
    "fullName": "Lino Subia",
    "boughtCars": 3,
    "spentMoney": 2280.32
  },
  {
    "fullName": "Hipolito Lamoreaux",
    "boughtCars": 4,
    "spentMoney": 1615.75
  },
  {
    "fullName": "Teddy Hobby",
    "boughtCars": 3,
    "spentMoney": 1462.27
  },
  {
    "fullName": "Marcelle Griego",
    "boughtCars": 3,
    "spentMoney": 1391.97
  },
  {
    "fullName": "Emmitt Benally",
    "boughtCars": 5,
    "spentMoney": 1327.69
  },
  {
    "fullName": "Rema Revelle",
    "boughtCars": 4,
    "spentMoney": 1109.96
  },
  {
    "fullName": "Francis Mckim",
    "boughtCars": 1,
    "spentMoney": 1050.99
  },
  {
    "fullName": "Brett Brickley",
    "boughtCars": 4,
    "spentMoney": 737.90
  },
  {
    "fullName": "Daniele Zarate",
    "boughtCars": 5,
    "spentMoney": 506.95
  },
  {
    "fullName": "Rico Peer",
    "boughtCars": 4,
    "spentMoney": 422.40
  },
  {
    "fullName": "Donnetta Soliz",
    "boughtCars": 3,
    "spentMoney": 357.98
  },
  {
    "fullName": "Garret Capron",
    "boughtCars": 3,
    "spentMoney": 321.88
  },
  {
    "fullName": "Louann Holzworth",
    "boughtCars": 3,
    "spentMoney": 292.97
  },
  {
    "fullName": "Kristian Engberg",
    "boughtCars": 3,
    "spentMoney": 262.88
  },
  {
    "fullName": "Carole Witman",
    "boughtCars": 2,
    "spentMoney": 208.97
  },
  {
    "fullName": "Nisha Markwell",
    "boughtCars": 3,
    "spentMoney": 202.97
  },
  {
    "fullName": "Natalie Poli",
    "boughtCars": 3,
    "spentMoney": 155.64
  },
  {
    "fullName": "Yvonne Mccalla",
    "boughtCars": 2,
    "spentMoney": 146.28
  },
  {
    "fullName": "Taina Achenbach",
    "boughtCars": 2,
    "spentMoney": 143.92
  },
  {
    "fullName": "Faustina Burgher",
    "boughtCars": 2,
    "spentMoney": 135.98
  },
  {
    "fullName": "Cinthia Lasala",
    "boughtCars": 3,
    "spentMoney": 111.78
  },
  {
    "fullName": "Carri Knapik",
    "boughtCars": 2,
    "spentMoney": 107.99
  },
  {
    "fullName": "Jimmy Grossi",
    "boughtCars": 2,
    "spentMoney": 106.36
  },
  {
    "fullName": "Oren Perlman",
    "boughtCars": 1,
    "spentMoney": 100.00
  },
  {
    "fullName": "Audrea Cardinal",
    "boughtCars": 1,
    "spentMoney": 93.99
  },
  {
    "fullName": "Hai Everton",
    "boughtCars": 2,
    "spentMoney": 55.98
  }
]