<?xml version="1.0" encoding="utf-16"?>
<customers>
  <customer full-name="Teddy Hobby" bought-cars="1" spent-money="6808.25" />
  <customer full-name="Emmitt Benally" bought-cars="1" spent-money="5059.15" />
  <customer full-name="Johnette Derryberry" bought-cars="1" spent-money="2721.92" />
  <customer full-name="Garret Capron" bought-cars="1" spent-money="1696.97" />
  <customer full-name="Sylvie Mcelravy" bought-cars="1" spent-money="1437.86" />
  <customer full-name="Donnetta Soliz" bought-cars="1" spent-money="1273.62" />
  <customer full-name="Cinthia Lasala" bought-cars="1" spent-money="648.31" />
  <customer full-name="Marcelle Griego" bought-cars="1" spent-money="220.97" />
  <customer full-name="Hipolito Lamoreaux" bought-cars="1" spent-money="149.92" />
</customers>