[
  {
    "Name": "Sofia"
  },
  {
    "Name": "Sofia Sever",
    "Town": "Sofia"
  },
  {
    "Name": "Davila"
  },
  {
    "Name": "Bulacan"
  },
  {
    "Name": "Monte de Trigo",
    "Town": "Taubate"
  },
  {
    "Town": "Mopti"
  },
  {
    "Name": "Mos",
    "Town": null
  },
  {
    "Name": "Bystre",
    "Town": null
  },
  {
    "Name": "Qinghe",
    "Town": "Caicara"
  },
  {
    "Name": "Ninh Giang",
    "Town": "Klos"
  },
  {
    "Name": "Vales",
    "Town": "Gazli"
  },
  {
    "Name": "Chysky",
    "Town": "Bereza"
  },
  {
    "Name": "Jaquimeyes",
    "Town": "Hongqi"
  },
  {
  },
  {
    "Name": "San Isidro",
    "Town": "San Isidro"
  },
  {
    "Name": "Pueblo Nuevo Vinas",
    "Town": "Balungkopi"
  },
  {
    "Name": "Volzhsk",
    "Town": "Jambulang"
  },
  {
    "Name": "Tunoshna",
    "Town": "Ervedosa do Douro"
  },
  {
    "Name": "Kabare",
    "Town": "Yongan"
  },
  {
    "Name": "Lapuz",
    "Town": "Ismailia"
  },
  {
    "Name": "Huaian",
    "Town": "Pilar"
  },
  {
    "Name": "Chateaubelair",
    "Town": null
  },
  {
    "Name": "Ajjah",
    "Town": "Itapemirim"
  },
  {
    "Name": "Belgrad"
  },
  {
    "Name": "Athene"
  },
  {
    "Name": "Vastra Frolunda",
    "Town": "Ajasse Ipo"
  },
  {
    "Name": "San Juan de Colon"
  },
  {
    "Name": "Kelungkung",
    "Town": "Renhe"
  },
  {
    "Name": "Matriz de Camaragibe",
    "Town": "Nong Ruea"
  },
  {
    "Name": "Cacapava",
    "Town": "Haarlem"
  },
  {
    "Name": "Xishanzui"
  },
  {
    "Name": "Masu"
  },
  {
    "Name": "Chandmani",
    "Town": "Marneuli"
  },
  {
    "Name": "Sagay",
    "Town": "Gafargaon"
  },
  {
    "Name": null,
    "Town": "Ngchesar Hamlet"
  },
  {
    "Town": "Kadudampit"
  },
  {
    "Name": "Ovidiopol",
    "Town": "Tambalisa"
  },
  {
    "Name": "Rzhev",
    "Town": "Onomichi"
  },
  {
    "Town": "Saynshand"
  },
  {
    "Name": "Varna",
    "Town": "Varna"
  },
  {
    "Name": "San Isidro"
  },
  {
    "Name": "Yelan-Kolenovskiy-Camaragibe-Barat-Kelungkung-Saynshand",
    "Town": "Vidce"
  },
  {
    "Name": "Heqian",
    "Town": "Gaofeng"
  },
  {
    "Name": "Hirvensalmi",
    "Town": "Xiwanzi"
  },
  {
    "Name": "Cikabuyutan Barat",
    "Town": "Kuching"
  },
  {
    "Name": "Ninh Hoa",
    "Town": null
  },
  {
    "Name": "Morangis",
    "Town": "CamaragiabaKolenovskiyaynshandolenovskiyadSaynshand"
  },
  {
    "Name": "Yinjiaxi"
  },
  {
    "Name": "Balading"
  },
  {
    "Name": "Instanbul"
  },
  {
    "Name": "Bourgas"
  }
]