﻿<?xml version="1.0" encoding="utf-8"?>
<Tickets>
  <Ticket price="57.85" seat="FC22">
    <Trip>
      <OriginStation>Rzhev</OriginStation>
      <DestinationStation>Chateaubelair</DestinationStation>
      <DepartureTime>19/07/2016 13:33</DepartureTime>
    </Trip>
    <Card Name="Joan Henderson" />
  </Ticket>
  <Ticket price="63.85" seat="BC34">
    <Trip>
      <OriginStation>Sofia</OriginStation>
      <DestinationStation>Jaquimeyes</DestinationStation>
      <DepartureTime>20/07/2016 16:48</DepartureTime>
    </Trip>
  </Ticket>
  <Ticket price="82.85" seat="BC39">
    <Trip>
      <OriginStation>Hirvensalmi</OriginStation>
      <DestinationStation>Kabare</DestinationStation>
      <DepartureTime>22/03/2016 06:54</DepartureTime>
    </Trip>
  </Ticket>
  <Ticket price="114.76" seat="FC10">
    <Trip>
      <OriginStation>Cacapava</OriginStation>
      <DestinationStation>Tunoshna</DestinationStation>
      <DepartureTime>29/09/2016 16:33</DepartureTime>
    </Trip>
    <Card Name="Margaret Anderson" />
  </Ticket>
  <Ticket price="110.21" seat="BC16">
    <Trip>
      <OriginStation>Sofia</OriginStation>
      <DestinationStation>Jaquimeyes</DestinationStation>
      <DepartureTime>20/07/2016 16:48</DepartureTime>
    </Trip>
  </Ticket>
  <Ticket price="130.68" seat="BC30">
    <Trip>
      <OriginStation>Sofia Sever</OriginStation>
      <DestinationStation>Chandmani</DestinationStation>
      <DepartureTime>02/12/2016 13:11</DepartureTime>
    </Trip>
  </Ticket>
  <Ticket price="90.05" seat="BC42">
    <Trip>
      <OriginStation>Matriz de Camaragibe</OriginStation>
      <DestinationStation>Chysky</DestinationStation>
      <DepartureTime>23/11/2016 15:09</DepartureTime>
    </Trip>
    <Card Name="Michelle Sanders" />
  </Ticket>
  <Ticket price="108.06" seat="TC20">
    <Trip>
      <OriginStation>Ajjah</OriginStation>
      <DestinationStation>San Isidro</DestinationStation>
      <DepartureTime>02/04/2016 12:33</DepartureTime>
    </Trip>
  </Ticket>
  <Ticket price="44.93" seat="TC51">
    <Trip>
      <OriginStation>Ajjah</OriginStation>
      <DestinationStation>San Isidro</DestinationStation>
      <DepartureTime>02/04/2016 12:33</DepartureTime>
    </Trip>
  </Ticket>
  <Ticket price="72.34" seat="TC45">
    <Trip>
      <OriginStation>Balading</OriginStation>
      <DestinationStation>Ajjah</DestinationStation>
      <DepartureTime>16/02/2017 11:31</DepartureTime>
    </Trip>
    <Card Name="Justin Hillar" />
  </Ticket>
  <Ticket price="107.52" seat="FC4">
    <Trip>
      <OriginStation>Ninh Hoa</OriginStation>
      <DestinationStation>Jaquimeyes</DestinationStation>
      <DepartureTime>19/04/2016 15:13</DepartureTime>
    </Trip>
  </Ticket>
  <Ticket price="-1.05" seat="TC31">
    <Trip>
      <OriginStation>Sofia Sever</OriginStation>
      <DestinationStation>Chandmani</DestinationStation>
      <DepartureTime>02/12/2016 13:33</DepartureTime>
    </Trip>
  </Ticket>
  <Ticket price="5.47" seat="SCII28">
    <Trip>
      <OriginStation>Sofia</OriginStation>
      <DestinationStation>Jaquimeyes</DestinationStation>
      <DepartureTime>20/07/2016 04:48</DepartureTime>
    </Trip>
    <Card Name="Henry Moreno" />
  </Ticket>
  <Ticket price="106.11" seat="BC36">
    <Trip>
      <OriginStation>Sofia</OriginStation>
      <DestinationStation>Jaquimeyes</DestinationStation>
      <DepartureTime>20/07/2016 16:48</DepartureTime>
    </Trip>
  </Ticket>
  <Ticket price="16.49" seat="RC30">
    <Trip>
      <OriginStation>Chateaubelair</OriginStation>
      <DestinationStation>Bystre</DestinationStation>
      <DepartureTime>02/01/2017 01:01</DepartureTime>
    </Trip>
  </Ticket>
  <Ticket price="18.62" seat="TC3">
    <Trip>
      <OriginStation>San Juan de Colon</OriginStation>
      <DestinationStation>San Isidro</DestinationStation>
      <DepartureTime>01/01/2017 07:41</DepartureTime>
    </Trip>
    <Card Name="Sara Frazier" />
  </Ticket>
  <Ticket price="11.75" seat="TC130">
    <Trip>
      <OriginStation>Rzhev</OriginStation>
      <DestinationStation>Vastra Frolunda</DestinationStation>
      <DepartureTime>02/01/2017 14:55</DepartureTime>
    </Trip>
  </Ticket>
  <Ticket price="114.67" seat="BC58">
    <Trip>
      <OriginStation>Sofia</OriginStation>
      <DestinationStation>Matriz de Camaragibe</DestinationStation>
      <DepartureTime>14/01/2017 05:43</DepartureTime>
    </Trip>
  </Ticket>
  <Ticket price="97.42" seat="TC18">
    <Trip>
      <OriginStation>Ninh Hoa</OriginStation>
      <DestinationStation>Jaquimeyes</DestinationStation>
      <DepartureTime>19/04/2016 15:13</DepartureTime>
    </Trip>
    <Card Name="David Carpenter" />
  </Ticket>
  <Ticket price="116.38" seat="FC8">
    <Trip>
      <OriginStation>Cikabuyutan Barat</OriginStation>
      <DestinationStation>Athene</DestinationStation>
      <DepartureTime>13/05/2016 13:33</DepartureTime>
    </Trip>
  </Ticket>
  <Ticket price="138.77" seat="FC31">
    <Trip>
      <OriginStation>Heqian</OriginStation>
      <DestinationStation>Jaquimeyes</DestinationStation>
      <DepartureTime>13/11/2016 18:01</DepartureTime>
    </Trip>
  </Ticket>
  <Ticket price="1.29" seat="SC23">
    <Trip>
      <OriginStation>Rzhev</OriginStation>
      <DestinationStation>Matriz de Camaragibe</DestinationStation>
      <DepartureTime>23/08/2016 14:30</DepartureTime>
    </Trip>
    <Card Name="Linda Stone" />
  </Ticket>
  <Ticket price="109.85" seat="FC22">
    <Trip>
      <OriginStation>Chepelare</OriginStation>
      <DestinationStation>Kabare</DestinationStation>
      <DepartureTime>22/03/2016 16:54</DepartureTime>
    </Trip>
  </Ticket>
  <Ticket price="14.76" seat="FC3">
    <Trip>
      <OriginStation>Bourgas</OriginStation>
      <DestinationStation>Bystre</DestinationStation>
      <DepartureTime>21/03/2016 12:45</DepartureTime>
    </Trip>
  </Ticket>
   <Ticket price="10.10" seat="FC1">
    <Trip>
      <OriginStation>Sofia</OriginStation>
      <DestinationStation>Yelan-Kolenovskiy-Camaragibe-Barat-Kelungkung-Saynshand</DestinationStation>
      <DepartureTime>01/01/2017 06:00</DepartureTime>
    </Trip>
    <Card Name="Johnny Larson" />
  </Ticket>
  <Ticket price="53.65" seat="BC16">
    <Trip>
      <OriginStation>Ovidiopol</OriginStation>
      <DestinationStation>Vastra Frolunda</DestinationStation>
      <DepartureTime>26/11/2016 11:31</DepartureTime>
    </Trip>
    <Card Name="Johnny Larson" />
  </Ticket>
  <Ticket price="18.97" seat="FC10">
    <Trip>
      <OriginStation>Sofia</OriginStation>
      <DestinationStation>Matriz de Camaragibe</DestinationStation>
      <DepartureTime>14/01/2017 05:43</DepartureTime>
    </Trip>
  </Ticket>
  <Ticket price="74.09" seat="BC6">
    <Trip>
      <OriginStation>Masu</OriginStation>
      <DestinationStation>Pueblo Nuevo Vinas</DestinationStation>
      <DepartureTime>03/07/2016 09:00</DepartureTime>
    </Trip>
  </Ticket>
  <Ticket price="99.62" seat="TC25">
    <Trip>
      <OriginStation>Ajjah</OriginStation>
      <DestinationStation>San Isidro</DestinationStation>
      <DepartureTime>02/04/2016 12:33</DepartureTime>
    </Trip>
    <Card Name="Henry Moreno" />
  </Ticket>
   <Ticket price="89.39" seat="FC12">
    <Trip>
      <OriginStation>Cacapava</OriginStation>
      <DestinationStation>Tunoshna</DestinationStation>
      <DepartureTime>29/09/2016 16:33</DepartureTime>
    </Trip>
  </Ticket>
  <Ticket price="89.39" seat="FC12">
    <Trip>
      <OriginStation>Varna</OriginStation>
      <DestinationStation>Chandmani</DestinationStation>
      <DepartureTime>16/04/2016 04:48</DepartureTime>
    </Trip>
  </Ticket>
  <Ticket price="39.66" seat="BC40">
    <Trip>
      <OriginStation>Cacapava</OriginStation>
      <DestinationStation>Sofia</DestinationStation>
      <DepartureTime>17/09/2016 02:34</DepartureTime>
    </Trip>
    <Card Name="Helen Stephens" />
  </Ticket>
  <Ticket price="126.18" seat="SC14">
    <Trip>
      <OriginStation>Rzhev</OriginStation>
      <DestinationStation>Matriz de Camaragibe</DestinationStation>
      <DepartureTime>23/08/2016 14:30</DepartureTime>
    </Trip>
  </Ticket>
  <Ticket price="147.07" seat="FC6">
    <Trip>
      <OriginStation>Bulacan</OriginStation>
      <DestinationStation>Ovidiopol</DestinationStation>
      <DepartureTime>06/10/2016 20:31</DepartureTime>
    </Trip>
  </Ticket>
  <Ticket price="48.22" seat="BC49">
    <Trip>
      <OriginStation>Chandmani</OriginStation>
      <DestinationStation>Davila</DestinationStation>
      <DepartureTime>19/02/2017 14:33</DepartureTime>
    </Trip>
    <Card Name="Daniel Montgomery" />
  </Ticket>
  <Ticket price="71.83" seat="TC4">
    <Trip>
      <OriginStation>Chandmani</OriginStation>
      <DestinationStation>Masu</DestinationStation>
      <DepartureTime>27/12/2016 07:33</DepartureTime>
    </Trip>
  </Ticket>
  <Ticket price="18.93" seat="TC5">
    <Trip>
      <OriginStation>Mos</OriginStation>
      <DestinationStation>Vastra Frolunda</DestinationStation>
      <DepartureTime>16/05/2016 08:19</DepartureTime>
    </Trip>
  </Ticket>
  <Ticket price="79.71" seat="BC57">
    <Trip>
      <OriginStation>Balading</OriginStation>
      <DestinationStation>Ajjah</DestinationStation>
      <DepartureTime>16/02/2017 11:31</DepartureTime>
    </Trip>
    <Card Name="Judy Morales" />
  </Ticket>
  <Ticket price="76.73" seat="SC8">
    <Trip>
      <OriginStation>Rzhev</OriginStation>
      <DestinationStation>Vastra Frolunda</DestinationStation>
      <DepartureTime>02/01/2017 14:55</DepartureTime>
    </Trip>
  </Ticket>
  <Ticket price="137.55" seat="BC6">
    <Trip>
      <OriginStation>Pueblo Nuevo Vinas</OriginStation>
      <DestinationStation>Instanbul</DestinationStation>
      <DepartureTime>25/03/2016 13:38</DepartureTime>
    </Trip>
  </Ticket>
  <Ticket price="34.98" seat="FC22">
    <Trip>
      <OriginStation>Sofia</OriginStation>
      <DestinationStation>Sofia Sever</DestinationStation>
      <DepartureTime>27/12/2016 12:00</DepartureTime>
    </Trip>
    <Card Name="Wanda Ward" />
  </Ticket>
  <Ticket price="134.86" seat="FC25">
    <Trip>
      <OriginStation>Cikabuyutan Barat</OriginStation>
      <DestinationStation>Athene</DestinationStation>
      <DepartureTime>13/05/2016 13:33</DepartureTime>
    </Trip>
  </Ticket>
  <Ticket price="88.42" seat="BC32">
    <Trip>
      <OriginStation>Sofia</OriginStation>
      <DestinationStation>Matriz de Camaragibe</DestinationStation>
      <DepartureTime>14/01/2017 05:43</DepartureTime>
    </Trip>
  </Ticket>
  <Ticket price="111.5" seat="SC22">
    <Trip>
      <OriginStation>Matriz de Camaragibe</OriginStation>
      <DestinationStation>San Isidro</DestinationStation>
      <DepartureTime>19/12/2016 21:33</DepartureTime>
    </Trip>
    <Card Name="Nicholas Astan" />
  </Ticket>
  <Ticket price="50.63" seat="FC21">
    <Trip>
      <OriginStation>Bourgas</OriginStation>
      <DestinationStation>Bystre</DestinationStation>
      <DepartureTime>21/03/2016 12:45</DepartureTime>
    </Trip>
  </Ticket>
  <Ticket price="47.44" seat="BC27">
    <Trip>
      <OriginStation>Cacapava</OriginStation>
      <DestinationStation>Tunoshna</DestinationStation>
      <DepartureTime>29/09/2016 16:33</DepartureTime>
    </Trip>
  </Ticket>
  <Ticket price="107.08" seat="TC26">
    <Trip>
      <OriginStation>Matriz de Camaragibe</OriginStation>
      <DestinationStation>San Isidro</DestinationStation>
      <DepartureTime>19/12/2016 21:33</DepartureTime>
    </Trip>
    <Card Name="Donna White" />
  </Ticket>
  <Ticket price="105.34" seat="TC76">
    <Trip>
      <OriginStation>Masu</OriginStation>
      <DestinationStation>Pueblo Nuevo Vinas</DestinationStation>
      <DepartureTime>03/07/2016 09:00</DepartureTime>
    </Trip>
  </Ticket>
  <Ticket price="97.17" seat="FC6">
    <Trip>
      <OriginStation>Ajjah</OriginStation>
      <DestinationStation>San Isidro</DestinationStation>
      <DepartureTime>02/04/2016 12:33</DepartureTime>
    </Trip>
  </Ticket>
  <Ticket price="25.18" seat="TC28">
    <Trip>
      <OriginStation>Bulacan</OriginStation>
      <DestinationStation>Ovidiopol</DestinationStation>
      <DepartureTime>06/10/2016 20:31</DepartureTime>
    </Trip>
    <Card Name="Bonnie Smith" />
  </Ticket>
  <Ticket price="122.83" seat="BC4">
    <Trip>
      <OriginStation>Volzhsk</OriginStation>
      <DestinationStation>Heqian</DestinationStation>
      <DepartureTime>19/01/2017 13:58</DepartureTime>
    </Trip>
  </Ticket>
  <Ticket price="4.10" seat="TC3">
    <Trip>
      <OriginStation>Sofia</OriginStation>
      <DestinationStation>Varna</DestinationStation>
      <DepartureTime>24/05/2017 22:00</DepartureTime>
    </Trip>
    <Card Name="Jeremy Carroll" />
  </Ticket>
  <Ticket price="99.47" seat="TC1">
    <Trip>
      <OriginStation>Ninh Hoa</OriginStation>
      <DestinationStation>Jaquimeyes</DestinationStation>
      <DepartureTime>19/04/2016 15:13</DepartureTime>
    </Trip>
  </Ticket>
  <Ticket price="108.98" seat="FC3">
    <Trip>
      <OriginStation>Huaian</OriginStation>
      <DestinationStation>Chysky</DestinationStation>
      <DepartureTime>13/08/2011 12:33</DepartureTime>
    </Trip>
    <Card Name="Jeremy Carroll" />
  </Ticket>
  <Ticket price="12.35" seat="BC39">
    <Trip>
      <OriginStation>Sofia</OriginStation>
      <DestinationStation>Varna</DestinationStation>
      <DepartureTime>24/05/2017 12:00</DepartureTime>
    </Trip>
    <Card Name="Jeremy Carroll" />
  </Ticket>
  <Ticket price="99" seat="FC1">
    <Trip>
      <OriginStation>Sofia</OriginStation>
      <DestinationStation>Varna</DestinationStation>
      <DepartureTime>24/05/2017 12:00</DepartureTime>
    </Trip>
    <Card Name="Jeremy Carroll" />
  </Ticket>
  <Ticket price="124.37" seat="BC36">
    <Trip>
      <OriginStation>Belgrad</OriginStation>
      <DestinationStation>Lapuz</DestinationStation>
      <DepartureTime>24/05/2016 14:30</DepartureTime>
    </Trip>
  </Ticket>
  <Ticket price="48.28" seat="TC8">
    <Trip>
      <OriginStation>Mos</OriginStation>
      <DestinationStation>Vastra Frolunda</DestinationStation>
      <DepartureTime>16/05/2016 08:19</DepartureTime>
    </Trip>
  </Ticket>
  <Ticket price="124.37" seat="FC36">
    <Trip>
      <OriginStation>Ajjah</OriginStation>
      <DestinationStation>San Isidro</DestinationStation>
      <DepartureTime>02/04/2016 12:33</DepartureTime>
    </Trip>
  </Ticket>
  <Ticket price="200" seat="BC10">
    <Trip>
      <OriginStation>Belgrad</OriginStation>
      <DestinationStation>Lapuz</DestinationStation>
      <DepartureTime>24/05/2016 13:30</DepartureTime>
    </Trip>
  </Ticket>
  <Ticket price="21.35" seat="FC8">
    <Trip>
      <OriginStation>Sofia</OriginStation>
      <DestinationStation>Varna</DestinationStation>
      <DepartureTime>24/05/2017 12:00</DepartureTime>
    </Trip>
    <Card Name="George Powell" />
  </Ticket>
  <Ticket price="126.35" seat="FC8">
    <Trip>
      <OriginStation>Sofia</OriginStation>
      <DestinationStation>Sagay</DestinationStation>
      <DepartureTime>02/12/2016 12:20</DepartureTime>
    </Trip>
    <Card Name="George Powell" />
  </Ticket>
  <Ticket price="124.37" seat="TC36">
    <Trip>
      <OriginStation>Belgrad</OriginStation>
      <DestinationStation>Lapuz</DestinationStation>
      <DepartureTime>24/05/2016 13:30</DepartureTime>
    </Trip>
  </Ticket>
</Tickets>
