[
  {
    "Train": "KB20012",
    "OriginStation": "Sofia",
    "DestinationStation": "Sofia Sever",
    "DepartureTime": "27/12/2016 12:00",
    "ArrivalTime": "27/12/2016 12:30",
    "Status": "OnTime"
  },
  {
    "Train": "BL436170",
    "OriginStation": "Chateaubelair",
    "DestinationStation": "Bystre",
    "DepartureTime": "02/01/2017 01:00",
    "ArrivalTime": "07/01/2017 01:30",
    "Status": "Early",
    "TimeDifference": "07:19"
  },
  {
    "Train": "QV395307",
    "OriginStation": "Instanbul",
    "DestinationStation": null,
    "DepartureTime": "26/12/2016 10:00",
    "ArrivalTime": "29/12/2016 12:34",
    "Status": "OnTime",
    "TimeDifference": "00:00"
  },
  {
    "Train": "JX072057",
    "OriginStation": "Rzhev",
    "DestinationStation": "Matriz de Camaragibe",
    "DepartureTime": "23/08/2016 14:30",
    "ArrivalTime": "25/08/2016 12:30",
    "Status": "OnTime",
    "TimeDifference": "00:00"
  },
  {
    "Train": "MN9096",
    "OriginStation": "Ovidiopol",
    "DestinationStation": "Vastra Frolunda",
    "DepartureTime": "26/11/2016 11:31",
    "ArrivalTime": "27/11/2016 12:43",
    "Status": "Delayed",
    "TimeDifference": "03:56"
  },
  {
    "Train": "CZ3766",
    "OriginStation": "Monte de Trigo",
    "DestinationStation": "Ajjah",
    "DepartureTime": "21/03/2016 12:33",
    "ArrivalTime": "25/03/2016 14:44",
    "Status": "OnTime",
    "TimeDifference": "00:00"
  },
  {
    "Train": "BQ877549",
    "OriginStation": "Bystre",
    "DestinationStation": "Masu",
    "DepartureTime": null,
    "ArrivalTime": "02/12/2016 22:00",
    "Status": "Delayed",
    "TimeDifference": "03:52"
  },
  {
    "Train": "JN070789",
    "OriginStation": "Matriz de Camaragibe",
    "DestinationStation": "San Isidro",
    "DepartureTime": "19/12/2016 21:33",
    "ArrivalTime": "22/12/2016 12:00",
    "Status": "Delayed",
    "TimeDifference": "05:38"
  },
  {
    "Train": "XM8366",
    "OriginStation": "Balading",
    "DestinationStation": "Ajjah",
    "DepartureTime": "16/02/2017 11:31",
    "ArrivalTime": "21/02/2017 12:44",
    "Status": "OnTime",
    "TimeDifference": "00:00"
  },
  {
    "Train": "PM4956",
    "OriginStation": "Sofia Sever",
    "DestinationStation": "Chandmani",
    "DepartureTime": "02/12/2016 13:33",
    "ArrivalTime": "11/12/2016 18:00",
    "Status": "OnTime",
    "TimeDifference": "00:00"
  },
  {
    "Train": "PU17333",
    "OriginStation": "Bourgas",
    "DestinationStation": "Bystre",
    "DepartureTime": "21/03/2016 12:45",
    "ArrivalTime": "06/04/2016 13:33",
    "Status": "Delayed",
    "TimeDifference": "10:48"
  },
  {
    "Train": "PU17333",
    "OriginStation": "Matriz de Camaragibe",
    "DestinationStation": "Kabare",
    "DepartureTime": "26/11/2016 16:48",
    "ArrivalTime": "01/12/2016 01:33",
    "Status": "Delayed",
    "TimeDifference": "23:02"
  },
  {
    "Train": "IN035370",
    "OriginStation": "Cikabuyutan Barat",
    "DestinationStation": "Athene",
    "DepartureTime": "13/05/2016 13:33",
    "ArrivalTime": "22/05/2016 22:48",
    "TimeDifference": "00:00"
  },
  {
    "Train": "CZ3766",
    "OriginStation": "Volzhsk",
    "DestinationStation": "Heqian",
    "DepartureTime": "19/01/2017 13:58",
    "ArrivalTime": "24/01/2017 17:18",
    "Status": "Delayed",
    "TimeDifference": "08:04"
  },
  {
    "Train": "FR46973",
    "OriginStation": "Rzhev",
    "DestinationStation": "Vastra Frolunda",
    "DepartureTime": "02/01/2017 14:55",
    "ArrivalTime": "08/01/2017 16:48",
    "Status": "OnTime",
    "TimeDifference": "00:00"
  },
  {
    "Train": "UN2004411",
    "OriginStation": "Cacapava",
    "DestinationStation": "Tunoshna",
    "DepartureTime": "29/09/2016 16:33",
    "ArrivalTime": "03/10/2016 22:42",
    "Status": "OnTime",
    "TimeDifference": "00:00"
  },
  {
    "Train": "MN9096",
    "OriginStation": "Monte de Trigo",
    "DestinationStation": "Ninh Giang",
    "DepartureTime": "01/02/2017 23:22",
    "ArrivalTime": "07/02/2017 16:48",
    "Status": "Delayed",
    "TimeDifference": "11:41"
  },
  {
    "Train": "JX072057",
    "OriginStation": "Pueblo Nuevo Vinas",
    "DestinationStation": "Instanbul",
    "DepartureTime": "25/03/2016 13:38",
    "ArrivalTime": "28/03/2016 19:39",
    "Status": "OnTime",
    "TimeDifference": "00:00"
  },
  {
    "Train": "YP746803",
    "OriginStation": "Hirvensalmi",
    "DestinationStation": "Huaian",
    "DepartureTime": "13/07/2016 16:19",
    "ArrivalTime": "20/07/2016 02:48",
    "Status": "OnTime",
    "TimeDifference": "00:00"
  },
  {
    "Train": "FR46973",
    "OriginStation": "Masu",
    "DestinationStation": "Qinghe",
    "DepartureTime": "20/01/2017 23:56",
    "ArrivalTime": "03/02/2017 04:45",
    "Status": "Delayed",
    "TimeDifference": "19:11"
  },
  {
    "Train": "KZ46189",
    "OriginStation": "Yinjiaxi",
    "DestinationStation": "Bourgas",
    "ArrivalTime": "01/11/2016 16:48",
    "Status": "Early",
    "TimeDifference": "01:49"
  },
  {
    "Train": "BQ877549",
    "OriginStation": "Sofia",
    "DestinationStation": "Jaquimeyes",
    "DepartureTime": "20/07/2016 16:48",
    "ArrivalTime": "26/07/2016 13:28",
    "Status": "Delayed",
    "TimeDifference": "21:39"
  },
  {
    "Train": "KB20012",
    "OriginStation": "Varna",
    "DestinationStation": "Chandmani",
    "DepartureTime": "16/04/2016 16:48",
    "ArrivalTime": "22/04/2016 17:48",
    "Status": "Delayed",
    "TimeDifference": "02:53"
  },
  {
    "Train": "NF0073",
    "OriginStation": "Masu",
    "DestinationStation": "Pueblo Nuevo Vinas",
    "DepartureTime": "03/07/2016 09:00",
    "ArrivalTime": "03/07/2016 11:01",
    "Status": "OnTime",
    "TimeDifference": "00:00"
  },
  {
    "Train": "TO371820",
    "OriginStation": "Masu",
    "DestinationStation": "Instanbul",
    "DepartureTime": "07/10/2016 03:22",
    "ArrivalTime": "08/10/2016 22:03",
    "Status": "OnTime",
    "TimeDifference": "00:00"
  },
  {
    "Train": "IX00216",
    "OriginStation": "San Juan de Colon",
    "DestinationStation": "San Isidro",
    "DepartureTime": "01/01/2017 07:41",
    "ArrivalTime": "10/01/2017 09:48",
    "Status": "Delayed",
    "TimeDifference": "16:09"
  },
  {
    "Train": "EA01424",
    "OriginStation": "Matriz de Camaragibe",
    "DestinationStation": "Chysky",
    "DepartureTime": "23/11/2016 15:09",
    "ArrivalTime": "26/11/2016 16:00",
    "Status": "Delayed",
    "TimeDifference": "08:34"
  },
  {
    "Train": "PM4956",
    "OriginStation": "Belgrad",
    "DestinationStation": "Lapuz",
    "DepartureTime": "24/05/2016 13:30",
    "ArrivalTime": "24/05/2016 21:22",
    "Status": "OnTime",
    "TimeDifference": "00:00"
  },
  {
    "Train": "QN2714",
    "OriginStation": "Rzhev",
    "DestinationStation": "Bulacan",
    "DepartureTime": "04/08/2016 22:33",
    "ArrivalTime": "04/08/2016 11:11",
    "Status": "Delayed",
    "TimeDifference": "21:54"
  },
  {
    "Train": "RW46969",
    "OriginStation": "Jaquimeyes",
    "DestinationStation": "Ninh Giang",
    "DepartureTime": "28/06/2016 11:11",
    "Status": "OnTime",
    "TimeDifference": "00:00"
  },
  {
    "Train": "BL436170",
    "OriginStation": "Ajjah",
    "DestinationStation": "San Isidro",
    "DepartureTime": "02/04/2016 12:33",
    "ArrivalTime": "10/04/2016 23:11",
    "Status": "OnTime",
    "TimeDifference": "00:00"
  },
  {
    "Train": "QT6209",
    "OriginStation": "Cacapava",
    "DestinationStation": "Sofia",
    "DepartureTime": "17/09/2016 14:34",
    "ArrivalTime": "26/09/2016 13:32",
    "Status": "Delayed",
    "TimeDifference": "11:39"
  },
  {
    "Train": "MN9096",
    "OriginStation": "Monte de Trigo",
    "DestinationStation": "San Isidro",
    "DepartureTime": "11/03/2017 18:18",
    "ArrivalTime": "09/03/2017 19:19",
    "Status": "OnTime",
    "TimeDifference": "00:00"
  },
  {
    "Train": "BL436170",
    "OriginStation": "Cacapava",
    "DestinationStation": "Kelungkung",
    "DepartureTime": "07/04/2016 05:45",
    "ArrivalTime": "14/04/2016 07:59",
    "Status": "OnTime",
    "TimeDifference": "00:00"
  },
  {
    "Train": "VT08003",
    "OriginStation": "Hirvensalmi",
    "DestinationStation": "Kabare",
    "DepartureTime": "22/03/2016 06:54",
    "ArrivalTime": "28/12/2016 09:44",
    "Status": "Delayed",
    "TimeDifference": "10:36"
  },
  {
    "Train": "PU17333",
    "OriginStation": "Huaian",
    "DestinationStation": "Chysky",
    "DepartureTime": "13/08/2011 12:33",
    "ArrivalTime": "15/08/2016 09:55",
    "Status": "OnTime",
    "TimeDifference": "00:00"
  },
  {
    "Train": "BQ877549",
    "OriginStation": "Vastra Frolunda",
    "DestinationStation": "Varna",
    "DepartureTime": "01/02/2017 14:33",
    "ArrivalTime": "02/02/2017 22:21",
    "Status": "Delayed",
    "TimeDifference": "21:05"
  },
  {
    "Train": "IN035370",
    "OriginStation": "Chysky",
    "DestinationStation": "San Juan de Colon",
    "DepartureTime": "14/12/2016 01:32",
    "ArrivalTime": "14/12/2016 23:59",
    "Status": "Delayed",
    "TimeDifference": "21:39"
  },
  {
    "Train": "HV212390",
    "OriginStation": "Varna",
    "DestinationStation": "Ninh Giang",
    "DepartureTime": "18/05/2016 00:00",
    "ArrivalTime": "29/05/2016 23:15",
    "Status": "OnTime",
    "TimeDifference": "00:00"
  },
  {
    "Train": "WK75971",
    "OriginStation": "Rzhev",
    "DestinationStation": "Chateaubelair",
    "DepartureTime": "19/07/2016 13:33",
    "ArrivalTime": "23/07/2016 21:33",
    "Status": "Early",
    "TimeDifference": "00:42"
  },
  {
    "Train": "KB20012",
    "OriginStation": "Sofia",
    "DestinationStation": "Varna",
    "DepartureTime": "24/05/2017 12:00",
    "ArrivalTime": "24/05/2017 22:30"
  },
  {
    "Train": "EA01424",
    "OriginStation": "Sofia",
    "DestinationStation": "Matriz de Camaragibe",
    "DepartureTime": "14/01/2017 05:43",
    "ArrivalTime": "19/01/2017 03:33",
    "Status": "Delayed",
    "TimeDifference": "01:24"
  },
  {
    "Train": "EA01424",
    "OriginStation": "Sofia",
    "DestinationStation": "Yelan-Kolenovskiy-Camaragibe-Barat-Kelungkung-Saynshand",
    "DepartureTime": "01/01/2017 06:00",
    "ArrivalTime": "01/01/2017 12:00",
    "Status": "OnTime"
  },
  {
    "Train": "VT08003",
    "OriginStation": "Sofia",
    "DestinationStation": "Sagay",
    "DepartureTime": "02/12/2016 12:20",
    "ArrivalTime": "05/12/2016 18:29",
    "Status": "Delayed",
    "TimeDifference": "15:51"
  },
  {
    "Train": "PU17333",
    "OriginStation": "Bulacan",
    "DestinationStation": "Ovidiopol",
    "DepartureTime": "06/10/2016 20:31",
    "ArrivalTime": "14/10/2016 22:11",
    "Status": "OnTime",
    "TimeDifference": "00:00"
  },
  {
    "Train": "PS42970",
    "OriginStation": "Sofia",
    "DestinationStation": "Chysky",
    "DepartureTime": "28/12/2016 13:44",
    "ArrivalTime": "02/01/2017 18:12",
    "Status": "Delayed",
    "TimeDifference": "14:01"
  },
  {
    "Train": "QV395307",
    "OriginStation": "Varna",
    "DestinationStation": "Monte de Trigo",
    "DepartureTime": "08/03/2017 15:14",
    "ArrivalTime": "17/03/2017 18:31",
    "Status": "OnTime",
    "TimeDifference": "00:00"
  },
  {
    "Train": "NF0073",
    "OriginStation": "Chandmani",
    "DestinationStation": "Davila",
    "DepartureTime": "19/02/2017 14:33",
    "ArrivalTime": "22/02/2017 11:29",
    "Status": "OnTime",
    "TimeDifference": "00:00"
  },
  {
    "Train": "QV395307",
    "OriginStation": "Instanbul",
    "DestinationStation": "Belgrad 22:33",
    "DepartureTime": "06/12/2016 10:01",
    "ArrivalTime": "10/12/2016 12:21",
    "Status": "Delayed",
    "TimeDifference": "04:18"
  },
  {
    "Train": "IX00216",
    "OriginStation": "Mos",
    "DestinationStation": "Vastra Frolunda",
    "DepartureTime": "16/05/2016 08:19",
    "ArrivalTime": "21/05/2016 17:33",
    "Status": "OnTime",
    "TimeDifference": "00:00"
  },
  {
    "Train": "PS42970",
    "OriginStation": "Chandmani",
    "DestinationStation": "Masu",
    "DepartureTime": "27/12/2016 07:33",
    "ArrivalTime": "02/01/2017 22:11",
    "Status": "OnTime",
    "TimeDifference": "00:00"
  },
  {
    "Train": "QV395307",
    "OriginStation": "Heqian",
    "DestinationStation": "Jaquimeyes",
    "DepartureTime": "13/11/2016 18:01",
    "ArrivalTime": "15/11/2016 12:12",
    "Status": "Delayed",
    "TimeDifference": "00:15"
  },
  {
    "Train": "PS42970",
    "OriginStation": "Ninh Hoa",
    "DestinationStation": "Jaquimeyes",
    "DepartureTime": "19/04/2016 15:13",
    "ArrivalTime": "24/04/2016 13:15",
    "Status": "OnTime",
    "TimeDifference": "00:00"
  },
  {
    "Train": "PS42970",
    "OriginStation": "Sofia",
    "DestinationStation": "Varna",
    "DepartureTime": "24/05/2017 22:00",
    "ArrivalTime": "25/05/2017 08:30"
  },
  {
    "Train": "PM4956",
    "OriginStation": "Belgrad",
    "DestinationStation": "Lapuz",
    "DepartureTime": "24/05/2016 14:30",
    "ArrivalTime": "24/05/2016 22:22",
    "Status": "OnTime",
    "TimeDifference": "00:00"
  }
]