[
  {
    "Id": 1,
    "Picture": "src/folders/resources/images/story/blocked/png/1S2el3wJ3v.png",
    "User": "ScoreAntigarein"
  },
  {
    "Id": 4,
    "Picture": "src/folders/resources/images/mobile/blocked/digi/3ISlOl969f.digi",
    "User": "UnderSinduxrein"
  },
  {
    "Id": 6,
    "Picture": "src/folders/resources/images/uploads/timeline/jpeg/2BZvc3RXA2.jpeg",
    "User": "AryaNinehow"
  },
  {
    "Id": 8,
    "Picture": "src/folders/resources/images/post/timeline/png/27kLXVm22Q.png",
    "User": "WhatTerrorBel"
  },
  {
    "Id": 9,
    "Picture": "src/folders/resources/images/story/blocked/jpeg/6Zjri62vV7.jpeg",
    "User": "ZendArmyhow"
  },
  {
    "Id": 10,
    "Picture": "src/folders/resources/images/post/blocked/img/DTy126lX2w.img",
    "User": "TheDivineBel"
  },
  {
    "Id": 12,
    "Picture": "src/folders/resources/images/profile/reformatted/img/W0ks4a39fb.img",
    "User": "RoundArmydsa"
  },
  {
    "Id": 13,
    "Picture": "src/folders/resources/images/profile/refined/jpg/g3BWLTG39t.jpg",
    "User": "AryaDenotehow"
  },
  {
    "Id": 15,
    "Picture": "src/folders/resources/images/post/formed/jpg/5eEjkxhYd3.jpg",
    "User": "ScoreAntigarein"
  },
  {
    "Id": 16,
    "Picture": "src/folders/resources/images/post/infigured/jpeg/F665808Atc.jpeg",
    "User": "HighAsmahow"
  },
  {
    "Id": 17,
    "Picture": "src/folders/resources/images/post/formed/jpg/5eEjkxhYd3.jpg",
    "User": "AryaDenotehow"
  },
  {
    "Id": 18,
    "Picture": "src/folders/resources/images/post/timeline/png/27kLXVm22Q.png",
    "User": "ScoreAntigarein"
  },
  {
    "Id": 21,
    "Picture": "src/folders/resources/images/post/formed/vga/fO9Sp94k4K.vga",
    "User": "RoundAntigaBel"
  },
  {
    "Id": 23,
    "Picture": "src/folders/resources/images/story/blocked/png/1S2el3wJ3v.png",
    "User": "DarkImmagidsa"
  },
  {
    "Id": 25,
    "Picture": "src/folders/resources/images/profile/blocked/jpg/pgfMG75k4e.jpg",
    "User": "HighAsmahow"
  }
]