[
  {
    "Id": 34,
    "Make": "Alfa Romeo",
    "Model": "156",
    "TravelledDistance": 434781563
  },
  {
    "Id": 29,
    "Make": "Alfa Romeo",
    "Model": "156",
    "TravelledDistance": 274003107
  },
  {
    "Id": 33,
    "Make": "Alfa Romeo",
    "Model": "164",
    "TravelledDistance": 385298945
  },
  {
    "Id": 264,
    "Make": "BMW",
    "Model": "1M Coupe",
    "TravelledDistance": 39826890
  },
  {
    "Id": 24,
    "Make": "Peugeot",
    "Model": "206",
    "TravelledDistance": 471512014
  },
  {
    "Id": 148,
    "Make": "Peugeot",
    "Model": "206",
    "TravelledDistance": 312468347
  },
  {
    "Id": 146,
    "Make": "Peugeot",
    "Model": "206",
    "TravelledDistance": 310013429
  },
  {
    "Id": 26,
    "Make": "Peugeot",
    "Model": "206",
    "TravelledDistance": 225031436
  },
  {
    "Id": 140,
    "Make": "Peugeot",
    "Model": "206",
    "TravelledDistance": 167257947
  },
  {
    "Id": 139,
    "Make": "Peugeot",
    "Model": "206",
    "TravelledDistance": 130139399
  },
  {
    "Id": 22,
    "Make": "Ferrari",
    "Model": "250 GTO",
    "TravelledDistance": 496765811
  },
  {
    "Id": 6,
    "Make": "Ferrari",
    "Model": "250 GTO",
    "TravelledDistance": 455536599
  },
  {
    "Id": 4,
    "Make": "Ferrari",
    "Model": "250 GTO",
    "TravelledDistance": 328086491
  },
  {
    "Id": 14,
    "Make": "Ferrari",
    "Model": "250 GTO",
    "TravelledDistance": 245546172
  },
  {
    "Id": 9,
    "Make": "Ferrari",
    "Model": "250 GTO",
    "TravelledDistance": 10791694
  },
  {
    "Id": 12,
    "Make": "Ferrari",
    "Model": "275",
    "TravelledDistance": 448008546
  },
  {
    "Id": 32,
    "Make": "Ferrari",
    "Model": "275",
    "TravelledDistance": 164216748
  },
  {
    "Id": 7,
    "Make": "Ferrari",
    "Model": "275",
    "TravelledDistance": 5436105
  },
  {
    "Id": 153,
    "Make": "Peugeot",
    "Model": "306",
    "TravelledDistance": 343442559
  },
  {
    "Id": 150,
    "Make": "Peugeot",
    "Model": "306",
    "TravelledDistance": 201912836
  },
  {
    "Id": 88,
    "Make": "Peugeot",
    "Model": "306",
    "TravelledDistance": 138733144
  },
  {
    "Id": 143,
    "Make": "Peugeot",
    "Model": "306",
    "TravelledDistance": 72195908
  },
  {
    "Id": 154,
    "Make": "Peugeot",
    "Model": "308",
    "TravelledDistance": 454503627
  },
  {
    "Id": 89,
    "Make": "Peugeot",
    "Model": "308",
    "TravelledDistance": 235475304
  },
  {
    "Id": 152,
    "Make": "Peugeot",
    "Model": "308",
    "TravelledDistance": 229420070
  },
  {
    "Id": 141,
    "Make": "Peugeot",
    "Model": "308",
    "TravelledDistance": 63428253
  },
  {
    "Id": 271,
    "Make": "Nissan",
    "Model": "370Z",
    "TravelledDistance": 363918741
  },
  {
    "Id": 278,
    "Make": "Nissan",
    "Model": "370Z",
    "TravelledDistance": 284500319
  },
  {
    "Id": 275,
    "Make": "Nissan",
    "Model": "370Z",
    "TravelledDistance": 135897329
  },
  {
    "Id": 277,
    "Make": "Nissan",
    "Model": "370Z",
    "TravelledDistance": 91596434
  },
  {
    "Id": 282,
    "Make": "Nissan",
    "Model": "370Z",
    "TravelledDistance": 59351269
  },
  {
    "Id": 292,
    "Make": "Nissan",
    "Model": "370Z",
    "TravelledDistance": 55268939
  },
  {
    "Id": 25,
    "Make": "Peugeot",
    "Model": "405",
    "TravelledDistance": 428581244
  },
  {
    "Id": 142,
    "Make": "Peugeot",
    "Model": "405",
    "TravelledDistance": 319350232
  },
  {
    "Id": 87,
    "Make": "Peugeot",
    "Model": "405",
    "TravelledDistance": 255575847
  },
  {
    "Id": 145,
    "Make": "Peugeot",
    "Model": "405",
    "TravelledDistance": 225997773
  },
  {
    "Id": 151,
    "Make": "Peugeot",
    "Model": "405",
    "TravelledDistance": 179145987
  },
  {
    "Id": 90,
    "Make": "Peugeot",
    "Model": "407",
    "TravelledDistance": 497809602
  },
  {
    "Id": 149,
    "Make": "Peugeot",
    "Model": "407",
    "TravelledDistance": 422154829
  },
  {
    "Id": 147,
    "Make": "Peugeot",
    "Model": "407",
    "TravelledDistance": 336906707
  },
  {
    "Id": 191,
    "Make": "Fiat",
    "Model": "500 (2007) Abarth 695 Tributo Maserati",
    "TravelledDistance": 255814652
  },
  {
    "Id": 186,
    "Make": "Fiat",
    "Model": "500 (2007) Abarth 695 Tributo Maserati",
    "TravelledDistance": 250201285
  },
  {
    "Id": 248,
    "Make": "Fiat",
    "Model": "500 (2007) Abarth 695 Tributo Maserati",
    "TravelledDistance": 73917184
  },
  {
    "Id": 193,
    "Make": "Fiat",
    "Model": "500L",
    "TravelledDistance": 450106773
  },
  {
    "Id": 192,
    "Make": "Fiat",
    "Model": "500L",
    "TravelledDistance": 418573870
  },
  {
    "Id": 190,
    "Make": "Fiat",
    "Model": "500L",
    "TravelledDistance": 414493068
  },
  {
    "Id": 198,
    "Make": "Fiat",
    "Model": "500L",
    "TravelledDistance": 363056661
  },
  {
    "Id": 184,
    "Make": "Fiat",
    "Model": "500L",
    "TravelledDistance": 294377378
  },
  {
    "Id": 31,
    "Make": "Alfa Romeo",
    "Model": "75",
    "TravelledDistance": 512903265
  },
  {
    "Id": 27,
    "Make": "Alfa Romeo",
    "Model": "75",
    "TravelledDistance": 492649694
  },
  {
    "Id": 36,
    "Make": "Alfa Romeo",
    "Model": "75",
    "TravelledDistance": 338929990
  },
  {
    "Id": 183,
    "Make": "Mercedes",
    "Model": "A 140",
    "TravelledDistance": 127050841
  },
  {
    "Id": 181,
    "Make": "Mercedes",
    "Model": "A 160",
    "TravelledDistance": 69932764
  },
  {
    "Id": 189,
    "Make": "Mercedes",
    "Model": "A 160 CDI",
    "TravelledDistance": 2043780
  },
  {
    "Id": 221,
    "Make": "Mercedes",
    "Model": "A 170 CDI",
    "TravelledDistance": 203728907
  },
  {
    "Id": 55,
    "Make": "Renault",
    "Model": "Alaskan",
    "TravelledDistance": 392193253
  },
  {
    "Id": 63,
    "Make": "Renault",
    "Model": "Alaskan",
    "TravelledDistance": 305807332
  },
  {
    "Id": 58,
    "Make": "Renault",
    "Model": "Alaskan",
    "TravelledDistance": 303853081
  },
  {
    "Id": 180,
    "Make": "Renault",
    "Model": "Alaskan",
    "TravelledDistance": 284369351
  },
  {
    "Id": 133,
    "Make": "Renault",
    "Model": "Alaskan",
    "TravelledDistance": 268240617
  },
  {
    "Id": 61,
    "Make": "Renault",
    "Model": "Alaskan",
    "TravelledDistance": 147141364
  },
  {
    "Id": 56,
    "Make": "Renault",
    "Model": "Alaskan",
    "TravelledDistance": 17909035
  },
  {
    "Id": 37,
    "Make": "Alfa Romeo",
    "Model": "Alfetta",
    "TravelledDistance": 227419636
  },
  {
    "Id": 289,
    "Make": "Nissan",
    "Model": "Altima",
    "TravelledDistance": 486257730
  },
  {
    "Id": 276,
    "Make": "Nissan",
    "Model": "Altima",
    "TravelledDistance": 457486023
  },
  {
    "Id": 309,
    "Make": "Nissan",
    "Model": "Altima",
    "TravelledDistance": 424117627
  },
  {
    "Id": 272,
    "Make": "Nissan",
    "Model": "Altima",
    "TravelledDistance": 407562858
  },
  {
    "Id": 274,
    "Make": "Nissan",
    "Model": "Altima",
    "TravelledDistance": 393081223
  },
  {
    "Id": 284,
    "Make": "Nissan",
    "Model": "Altima",
    "TravelledDistance": 368986707
  },
  {
    "Id": 304,
    "Make": "Nissan",
    "Model": "Altima",
    "TravelledDistance": 187152855
  },
  {
    "Id": 291,
    "Make": "Nissan",
    "Model": "Altima",
    "TravelledDistance": 179796793
  },
  {
    "Id": 307,
    "Make": "Nissan",
    "Model": "Altima",
    "TravelledDistance": 95799498
  },
  {
    "Id": 38,
    "Make": "Alfa Romeo",
    "Model": "AR51",
    "TravelledDistance": 452362116
  },
  {
    "Id": 35,
    "Make": "Alfa Romeo",
    "Model": "AR51",
    "TravelledDistance": 273101528
  },
  {
    "Id": 243,
    "Make": "Opel",
    "Model": "Astra",
    "TravelledDistance": 516628215
  },
  {
    "Id": 232,
    "Make": "Opel",
    "Model": "Astra",
    "TravelledDistance": 349837452
  },
  {
    "Id": 242,
    "Make": "Opel",
    "Model": "Astra",
    "TravelledDistance": 156191509
  },
  {
    "Id": 237,
    "Make": "Opel",
    "Model": "Astra",
    "TravelledDistance": 31468479
  },
  {
    "Id": 136,
    "Make": "Citroen",
    "Model": "Berlingo",
    "TravelledDistance": 436804201
  },
  {
    "Id": 138,
    "Make": "Citroen",
    "Model": "Berlingo",
    "TravelledDistance": 242536078
  },
  {
    "Id": 135,
    "Make": "Citroen",
    "Model": "C1",
    "TravelledDistance": 505029588
  },
  {
    "Id": 169,
    "Make": "Citroen",
    "Model": "C1",
    "TravelledDistance": 498211182
  },
  {
    "Id": 173,
    "Make": "Citroen",
    "Model": "C1",
    "TravelledDistance": 447103875
  },
  {
    "Id": 137,
    "Make": "Citroen",
    "Model": "C1",
    "TravelledDistance": 396754068
  },
  {
    "Id": 171,
    "Make": "Citroen",
    "Model": "C1",
    "TravelledDistance": 389207601
  },
  {
    "Id": 159,
    "Make": "Citroen",
    "Model": "C1",
    "TravelledDistance": 339260713
  },
  {
    "Id": 176,
    "Make": "Citroen",
    "Model": "C1",
    "TravelledDistance": 217089114
  },
  {
    "Id": 165,
    "Make": "Citroen",
    "Model": "C1",
    "TravelledDistance": 174494239
  },
  {
    "Id": 162,
    "Make": "Citroen",
    "Model": "C1",
    "TravelledDistance": 130512554
  },
  {
    "Id": 164,
    "Make": "Citroen",
    "Model": "C3",
    "TravelledDistance": 486926519
  },
  {
    "Id": 167,
    "Make": "Citroen",
    "Model": "C3",
    "TravelledDistance": 404111136
  },
  {
    "Id": 160,
    "Make": "Citroen",
    "Model": "C3",
    "TravelledDistance": 295402694
  },
  {
    "Id": 172,
    "Make": "Citroen",
    "Model": "C3",
    "TravelledDistance": 214064329
  },
  {
    "Id": 170,
    "Make": "Citroen",
    "Model": "C4",
    "TravelledDistance": 501689589
  },
  {
    "Id": 161,
    "Make": "Citroen",
    "Model": "C4",
    "TravelledDistance": 404134333
  },
  {
    "Id": 175,
    "Make": "Citroen",
    "Model": "C4",
    "TravelledDistance": 385550653
  },
  {
    "Id": 158,
    "Make": "Citroen",
    "Model": "C5",
    "TravelledDistance": 476502389
  },
  {
    "Id": 155,
    "Make": "Citroen",
    "Model": "C5",
    "TravelledDistance": 347651789
  },
  {
    "Id": 168,
    "Make": "Citroen",
    "Model": "C5",
    "TravelledDistance": 98486390
  },
  {
    "Id": 174,
    "Make": "Citroen",
    "Model": "C5",
    "TravelledDistance": 38829917
  },
  {
    "Id": 144,
    "Make": "Citroen",
    "Model": "C5",
    "TravelledDistance": 32203443
  },
  {
    "Id": 177,
    "Make": "Citroen",
    "Model": "C8",
    "TravelledDistance": 309422851
  },
  {
    "Id": 166,
    "Make": "Citroen",
    "Model": "C8",
    "TravelledDistance": 118984206
  },
  {
    "Id": 156,
    "Make": "Citroen",
    "Model": "C8",
    "TravelledDistance": 48263045
  },
  {
    "Id": 86,
    "Make": "Chevy",
    "Model": "Camaro",
    "TravelledDistance": 478411784
  },
  {
    "Id": 49,
    "Make": "Chevy",
    "Model": "Camaro",
    "TravelledDistance": 472935290
  },
  {
    "Id": 82,
    "Make": "Chevy",
    "Model": "Camaro",
    "TravelledDistance": 354394122
  },
  {
    "Id": 46,
    "Make": "Chevy",
    "Model": "Camaro",
    "TravelledDistance": 265890224
  },
  {
    "Id": 67,
    "Make": "Chevy",
    "Model": "Camaro",
    "TravelledDistance": 152312063
  },
  {
    "Id": 51,
    "Make": "Chevy",
    "Model": "Camaro",
    "TravelledDistance": 140281843
  },
  {
    "Id": 357,
    "Make": "Toyota",
    "Model": "Camry Hybrid",
    "TravelledDistance": 486872832
  },
  {
    "Id": 286,
    "Make": "Toyota",
    "Model": "Camry Hybrid",
    "TravelledDistance": 397831570
  },
  {
    "Id": 353,
    "Make": "Toyota",
    "Model": "Camry Hybrid",
    "TravelledDistance": 217630531
  },
  {
    "Id": 312,
    "Make": "Toyota",
    "Model": "Camry Hybrid",
    "TravelledDistance": 193362513
  },
  {
    "Id": 336,
    "Make": "Toyota",
    "Model": "Camry Hybrid",
    "TravelledDistance": 151868293
  },
  {
    "Id": 48,
    "Make": "Chevy",
    "Model": "Caprice",
    "TravelledDistance": 401020251
  },
  {
    "Id": 79,
    "Make": "Chevy",
    "Model": "Caprice",
    "TravelledDistance": 338430654
  },
  {
    "Id": 81,
    "Make": "Chevy",
    "Model": "Caprice",
    "TravelledDistance": 247321209
  },
  {
    "Id": 50,
    "Make": "Chevy",
    "Model": "Caprice",
    "TravelledDistance": 48720733
  },
  {
    "Id": 53,
    "Make": "Renault",
    "Model": "Captur",
    "TravelledDistance": 515034479
  },
  {
    "Id": 57,
    "Make": "Renault",
    "Model": "Captur",
    "TravelledDistance": 104305182
  },
  {
    "Id": 94,
    "Make": "Skoda",
    "Model": "Citigo",
    "TravelledDistance": 353678487
  },
  {
    "Id": 99,
    "Make": "Skoda",
    "Model": "Citigo",
    "TravelledDistance": 334919977
  },
  {
    "Id": 92,
    "Make": "Skoda",
    "Model": "Citigo",
    "TravelledDistance": 326326638
  },
  {
    "Id": 91,
    "Make": "Skoda",
    "Model": "Citigo",
    "TravelledDistance": 186951373
  },
  {
    "Id": 111,
    "Make": "Skoda",
    "Model": "Citigo",
    "TravelledDistance": 46712305
  },
  {
    "Id": 60,
    "Make": "Renault",
    "Model": "Clio IV",
    "TravelledDistance": 410170426
  },
  {
    "Id": 179,
    "Make": "Renault",
    "Model": "Clio IV",
    "TravelledDistance": 225782314
  },
  {
    "Id": 350,
    "Make": "Toyota",
    "Model": "Corolla",
    "TravelledDistance": 485584239
  },
  {
    "Id": 316,
    "Make": "Toyota",
    "Model": "Corolla",
    "TravelledDistance": 356361379
  },
  {
    "Id": 346,
    "Make": "Toyota",
    "Model": "Corolla",
    "TravelledDistance": 333412512
  },
  {
    "Id": 337,
    "Make": "Toyota",
    "Model": "Corolla",
    "TravelledDistance": 230556000
  },
  {
    "Id": 348,
    "Make": "Toyota",
    "Model": "Corolla",
    "TravelledDistance": 196587490
  },
  {
    "Id": 355,
    "Make": "Toyota",
    "Model": "Corolla",
    "TravelledDistance": 172436753
  },
  {
    "Id": 241,
    "Make": "Opel",
    "Model": "Corsa",
    "TravelledDistance": 347259126
  },
  {
    "Id": 236,
    "Make": "Opel",
    "Model": "Corsa",
    "TravelledDistance": 282499542
  },
  {
    "Id": 227,
    "Make": "Opel",
    "Model": "Corsa",
    "TravelledDistance": 267253567
  },
  {
    "Id": 230,
    "Make": "Opel",
    "Model": "Corsa",
    "TravelledDistance": 241891505
  },
  {
    "Id": 85,
    "Make": "Chevy",
    "Model": "Corvette",
    "TravelledDistance": 520332790
  },
  {
    "Id": 83,
    "Make": "Chevy",
    "Model": "Corvette",
    "TravelledDistance": 314764731
  },
  {
    "Id": 80,
    "Make": "Chevy",
    "Model": "Cruze",
    "TravelledDistance": 366224374
  },
  {
    "Id": 84,
    "Make": "Chevy",
    "Model": "Cruze",
    "TravelledDistance": 333261359
  },
  {
    "Id": 73,
    "Make": "Rolls-Royce",
    "Model": "Dawn",
    "TravelledDistance": 202157384
  },
  {
    "Id": 8,
    "Make": "Ferrari",
    "Model": "Daytona",
    "TravelledDistance": 351364846
  },
  {
    "Id": 15,
    "Make": "Ferrari",
    "Model": "Daytona",
    "TravelledDistance": 316270662
  },
  {
    "Id": 41,
    "Make": "Ferrari",
    "Model": "Daytona",
    "TravelledDistance": 293676308
  },
  {
    "Id": 2,
    "Make": "Ferrari",
    "Model": "Daytona",
    "TravelledDistance": 30312194
  },
  {
    "Id": 16,
    "Make": "Lamborghini",
    "Model": "Diablo",
    "TravelledDistance": 400917306
  },
  {
    "Id": 21,
    "Make": "Lamborghini",
    "Model": "Diablo",
    "TravelledDistance": 379116231
  },
  {
    "Id": 118,
    "Make": "Dacia",
    "Model": "Dokker",
    "TravelledDistance": 316948000
  },
  {
    "Id": 116,
    "Make": "Dacia",
    "Model": "Dokker",
    "TravelledDistance": 294315564
  },
  {
    "Id": 122,
    "Make": "Dacia",
    "Model": "Dokker",
    "TravelledDistance": 73324963
  },
  {
    "Id": 62,
    "Make": "Renault",
    "Model": "Duster",
    "TravelledDistance": 451149098
  },
  {
    "Id": 114,
    "Make": "Dacia",
    "Model": "Duster",
    "TravelledDistance": 423453236
  },
  {
    "Id": 268,
    "Make": "Dacia",
    "Model": "Duster",
    "TravelledDistance": 297581436
  },
  {
    "Id": 178,
    "Make": "Renault",
    "Model": "Duster",
    "TravelledDistance": 275222997
  },
  {
    "Id": 59,
    "Make": "Renault",
    "Model": "Duster",
    "TravelledDistance": 198197668
  },
  {
    "Id": 262,
    "Make": "BMW",
    "Model": "E67",
    "TravelledDistance": 476830509
  },
  {
    "Id": 266,
    "Make": "BMW",
    "Model": "E88",
    "TravelledDistance": 27453411
  },
  {
    "Id": 163,
    "Make": "Citroen",
    "Model": "Elysée",
    "TravelledDistance": 277281794
  },
  {
    "Id": 157,
    "Make": "Citroen",
    "Model": "Elysée",
    "TravelledDistance": 4120281
  },
  {
    "Id": 23,
    "Make": "Ferrari",
    "Model": "Enzo",
    "TravelledDistance": 497163085
  },
  {
    "Id": 52,
    "Make": "Renault",
    "Model": "Espace",
    "TravelledDistance": 379189144
  },
  {
    "Id": 64,
    "Make": "Renault",
    "Model": "Espace",
    "TravelledDistance": 29567678
  },
  {
    "Id": 258,
    "Make": "BMW",
    "Model": "F04",
    "TravelledDistance": 443756363
  },
  {
    "Id": 247,
    "Make": "BMW",
    "Model": "F04",
    "TravelledDistance": 418839575
  },
  {
    "Id": 253,
    "Make": "BMW",
    "Model": "F04",
    "TravelledDistance": 265166885
  },
  {
    "Id": 259,
    "Make": "BMW",
    "Model": "F20",
    "TravelledDistance": 487897422
  },
  {
    "Id": 234,
    "Make": "BMW",
    "Model": "F20",
    "TravelledDistance": 401291910
  },
  {
    "Id": 255,
    "Make": "BMW",
    "Model": "F20",
    "TravelledDistance": 284809463
  },
  {
    "Id": 252,
    "Make": "BMW",
    "Model": "F20",
    "TravelledDistance": 171765152
  },
  {
    "Id": 245,
    "Make": "BMW",
    "Model": "F25",
    "TravelledDistance": 476132712
  },
  {
    "Id": 5,
    "Make": "Ferrari",
    "Model": "F40",
    "TravelledDistance": 262060470
  },
  {
    "Id": 11,
    "Make": "Ferrari",
    "Model": "F40",
    "TravelledDistance": 106050998
  },
  {
    "Id": 10,
    "Make": "Ferrari",
    "Model": "F40",
    "TravelledDistance": 69764556
  },
  {
    "Id": 20,
    "Make": "Ferrari",
    "Model": "F430",
    "TravelledDistance": 403805820
  },
  {
    "Id": 13,
    "Make": "Ferrari",
    "Model": "F430",
    "TravelledDistance": 397106659
  },
  {
    "Id": 3,
    "Make": "Ferrari",
    "Model": "F430",
    "TravelledDistance": 235611505
  },
  {
    "Id": 126,
    "Make": "Skoda",
    "Model": "Fabia",
    "TravelledDistance": 520029040
  },
  {
    "Id": 110,
    "Make": "Skoda",
    "Model": "Fabia",
    "TravelledDistance": 506138915
  },
  {
    "Id": 129,
    "Make": "Skoda",
    "Model": "Fabia",
    "TravelledDistance": 231485138
  },
  {
    "Id": 130,
    "Make": "Skoda",
    "Model": "Fabia",
    "TravelledDistance": 58958961
  },
  {
    "Id": 112,
    "Make": "Skoda",
    "Model": "Fabia",
    "TravelledDistance": 57662452
  },
  {
    "Id": 326,
    "Make": "Ford",
    "Model": "Fiesta",
    "TravelledDistance": 470875447
  },
  {
    "Id": 208,
    "Make": "Ford",
    "Model": "Fiesta",
    "TravelledDistance": 344433379
  },
  {
    "Id": 205,
    "Make": "Ford",
    "Model": "Fiesta",
    "TravelledDistance": 301180732
  },
  {
    "Id": 331,
    "Make": "Ford",
    "Model": "Fiesta",
    "TravelledDistance": 251295244
  },
  {
    "Id": 329,
    "Make": "Ford",
    "Model": "Fiesta",
    "TravelledDistance": 232084221
  },
  {
    "Id": 223,
    "Make": "Ford",
    "Model": "Fiesta",
    "TravelledDistance": 37085116
  },
  {
    "Id": 188,
    "Make": "Fiat",
    "Model": "Freemont",
    "TravelledDistance": 476416173
  },
  {
    "Id": 185,
    "Make": "Fiat",
    "Model": "Freemont",
    "TravelledDistance": 370538088
  },
  {
    "Id": 222,
    "Make": "Fiat",
    "Model": "Freemont",
    "TravelledDistance": 291375480
  },
  {
    "Id": 196,
    "Make": "Fiat",
    "Model": "Freemont",
    "TravelledDistance": 46079092
  },
  {
    "Id": 19,
    "Make": "Lamborghini",
    "Model": "Gallardo",
    "TravelledDistance": 437885784
  },
  {
    "Id": 17,
    "Make": "Lamborghini",
    "Model": "Gallardo",
    "TravelledDistance": 240371960
  },
  {
    "Id": 44,
    "Make": "Lamborghini",
    "Model": "Gallardo",
    "TravelledDistance": 145640651
  },
  {
    "Id": 74,
    "Make": "Rolls-Royce",
    "Model": "Ghost",
    "TravelledDistance": 496937828
  },
  {
    "Id": 71,
    "Make": "Rolls-Royce",
    "Model": "Ghost",
    "TravelledDistance": 278821902
  },
  {
    "Id": 40,
    "Make": "Alfa Romeo",
    "Model": "Giulia",
    "TravelledDistance": 451741545
  },
  {
    "Id": 30,
    "Make": "Alfa Romeo",
    "Model": "Giulietta",
    "TravelledDistance": 519844092
  },
  {
    "Id": 42,
    "Make": "Alfa Romeo",
    "Model": "Giulietta",
    "TravelledDistance": 436415485
  },
  {
    "Id": 28,
    "Make": "Alfa Romeo",
    "Model": "Giulietta",
    "TravelledDistance": 193584127
  },
  {
    "Id": 39,
    "Make": "Alfa Romeo",
    "Model": "Giulietta",
    "TravelledDistance": 128074332
  },
  {
    "Id": 332,
    "Make": "Ford",
    "Model": "GT40",
    "TravelledDistance": 300191400
  },
  {
    "Id": 270,
    "Make": "Ford",
    "Model": "GT40",
    "TravelledDistance": 85557373
  },
  {
    "Id": 279,
    "Make": "Nissan",
    "Model": "GT-R",
    "TravelledDistance": 326260222
  },
  {
    "Id": 280,
    "Make": "Nissan",
    "Model": "GT-R",
    "TravelledDistance": 312316612
  },
  {
    "Id": 308,
    "Make": "Nissan",
    "Model": "GT-R",
    "TravelledDistance": 274678949
  },
  {
    "Id": 273,
    "Make": "Nissan",
    "Model": "GT-R",
    "TravelledDistance": 197599645
  },
  {
    "Id": 311,
    "Make": "Nissan",
    "Model": "GT-R",
    "TravelledDistance": 157249056
  },
  {
    "Id": 305,
    "Make": "Nissan",
    "Model": "GT-R",
    "TravelledDistance": 125157902
  },
  {
    "Id": 302,
    "Make": "Nissan",
    "Model": "GT-R",
    "TravelledDistance": 122310701
  },
  {
    "Id": 283,
    "Make": "Nissan",
    "Model": "GT-R",
    "TravelledDistance": 118192217
  },
  {
    "Id": 285,
    "Make": "Nissan",
    "Model": "GT-R",
    "TravelledDistance": 94210828
  },
  {
    "Id": 281,
    "Make": "Nissan",
    "Model": "GT-R",
    "TravelledDistance": 12420594
  },
  {
    "Id": 298,
    "Make": "Great Wall",
    "Model": "H2",
    "TravelledDistance": 438447396
  },
  {
    "Id": 300,
    "Make": "Great Wall",
    "Model": "H2",
    "TravelledDistance": 357701772
  },
  {
    "Id": 297,
    "Make": "Great Wall",
    "Model": "H8",
    "TravelledDistance": 261462447
  },
  {
    "Id": 293,
    "Make": "Great Wall",
    "Model": "Haval H6",
    "TravelledDistance": 515863753
  },
  {
    "Id": 299,
    "Make": "Great Wall",
    "Model": "Haval M4",
    "TravelledDistance": 515523178
  },
  {
    "Id": 294,
    "Make": "Great Wall",
    "Model": "Haval M4",
    "TravelledDistance": 338663381
  },
  {
    "Id": 97,
    "Make": "Seat",
    "Model": "Ibiza",
    "TravelledDistance": 390958489
  },
  {
    "Id": 108,
    "Make": "Seat",
    "Model": "Ibiza",
    "TravelledDistance": 333280407
  },
  {
    "Id": 102,
    "Make": "Seat",
    "Model": "Ibiza",
    "TravelledDistance": 197399178
  },
  {
    "Id": 106,
    "Make": "Seat",
    "Model": "Ibiza",
    "TravelledDistance": 182688172
  },
  {
    "Id": 54,
    "Make": "Chevy",
    "Model": "Impala",
    "TravelledDistance": 156401301
  },
  {
    "Id": 66,
    "Make": "Chevy",
    "Model": "Impala",
    "TravelledDistance": 19486044
  },
  {
    "Id": 229,
    "Make": "Opel",
    "Model": "Insignia",
    "TravelledDistance": 339785118
  },
  {
    "Id": 238,
    "Make": "Opel",
    "Model": "Insignia",
    "TravelledDistance": 225253817
  },
  {
    "Id": 235,
    "Make": "Opel",
    "Model": "Insignia",
    "TravelledDistance": 168539389
  },
  {
    "Id": 240,
    "Make": "Opel",
    "Model": "Kadet",
    "TravelledDistance": 31737446
  },
  {
    "Id": 120,
    "Make": "Dacia",
    "Model": "Logan",
    "TravelledDistance": 459233576
  },
  {
    "Id": 115,
    "Make": "Dacia",
    "Model": "Logan",
    "TravelledDistance": 315644424
  },
  {
    "Id": 358,
    "Make": "Dacia",
    "Model": "Logan",
    "TravelledDistance": 231160691
  },
  {
    "Id": 119,
    "Make": "Dacia",
    "Model": "Logan",
    "TravelledDistance": 84177042
  },
  {
    "Id": 125,
    "Make": "Dacia",
    "Model": "Logan",
    "TravelledDistance": 71570263
  },
  {
    "Id": 265,
    "Make": "BMW",
    "Model": "M Roadster E85",
    "TravelledDistance": 475685374
  },
  {
    "Id": 257,
    "Make": "BMW",
    "Model": "M5 F10",
    "TravelledDistance": 435603343
  },
  {
    "Id": 246,
    "Make": "BMW",
    "Model": "M5 F10",
    "TravelledDistance": 140799461
  },
  {
    "Id": 251,
    "Make": "BMW",
    "Model": "M6 E63",
    "TravelledDistance": 243205800
  },
  {
    "Id": 260,
    "Make": "BMW",
    "Model": "M6 E63",
    "TravelledDistance": 69863204
  },
  {
    "Id": 261,
    "Make": "BMW",
    "Model": "M6 E63",
    "TravelledDistance": 57189891
  },
  {
    "Id": 65,
    "Make": "Chevy",
    "Model": "Malibu",
    "TravelledDistance": 250044709
  },
  {
    "Id": 47,
    "Make": "Chevy",
    "Model": "Malibu",
    "TravelledDistance": 127614006
  },
  {
    "Id": 78,
    "Make": "Chevy",
    "Model": "Matiz",
    "TravelledDistance": 274054974
  },
  {
    "Id": 107,
    "Make": "Seat",
    "Model": "Mii",
    "TravelledDistance": 508783407
  },
  {
    "Id": 101,
    "Make": "Seat",
    "Model": "Mii",
    "TravelledDistance": 485157233
  },
  {
    "Id": 105,
    "Make": "Seat",
    "Model": "Mii",
    "TravelledDistance": 473519569
  },
  {
    "Id": 100,
    "Make": "Seat",
    "Model": "Mii",
    "TravelledDistance": 306842982
  },
  {
    "Id": 132,
    "Make": "Seat",
    "Model": "Mii",
    "TravelledDistance": 304944609
  },
  {
    "Id": 95,
    "Make": "Seat",
    "Model": "Mii",
    "TravelledDistance": 20379344
  },
  {
    "Id": 18,
    "Make": "Lamborghini",
    "Model": "Murciélago",
    "TravelledDistance": 499808136
  },
  {
    "Id": 43,
    "Make": "Lamborghini",
    "Model": "Murciélago",
    "TravelledDistance": 344136052
  },
  {
    "Id": 226,
    "Make": "Opel",
    "Model": "Omega",
    "TravelledDistance": 277250812
  },
  {
    "Id": 228,
    "Make": "Opel",
    "Model": "Omega",
    "TravelledDistance": 254808828
  },
  {
    "Id": 1,
    "Make": "Opel",
    "Model": "Omega",
    "TravelledDistance": 176664996
  },
  {
    "Id": 244,
    "Make": "Opel",
    "Model": "Omega",
    "TravelledDistance": 111313670
  },
  {
    "Id": 231,
    "Make": "Opel",
    "Model": "Omega",
    "TravelledDistance": 109910837
  },
  {
    "Id": 197,
    "Make": "Fiat",
    "Model": "Panda",
    "TravelledDistance": 356486400
  },
  {
    "Id": 224,
    "Make": "Fiat",
    "Model": "Panda",
    "TravelledDistance": 271974888
  },
  {
    "Id": 199,
    "Make": "Fiat",
    "Model": "Panda",
    "TravelledDistance": 165915677
  },
  {
    "Id": 250,
    "Make": "Fiat",
    "Model": "Panda",
    "TravelledDistance": 1591174
  },
  {
    "Id": 187,
    "Make": "Fiat",
    "Model": "Panda 4x4",
    "TravelledDistance": 507365630
  },
  {
    "Id": 195,
    "Make": "Fiat",
    "Model": "Panda 4x4",
    "TravelledDistance": 506281363
  },
  {
    "Id": 267,
    "Make": "Fiat",
    "Model": "Panda 4x4",
    "TravelledDistance": 94291695
  },
  {
    "Id": 249,
    "Make": "Fiat",
    "Model": "Panda 4x4 Antarctica",
    "TravelledDistance": 501838637
  },
  {
    "Id": 225,
    "Make": "Fiat",
    "Model": "Panda 4x4 Antarctica",
    "TravelledDistance": 388951228
  },
  {
    "Id": 194,
    "Make": "Fiat",
    "Model": "Panda 4x4 Antarctica",
    "TravelledDistance": 147310005
  },
  {
    "Id": 72,
    "Make": "Rolls-Royce",
    "Model": "Phantom",
    "TravelledDistance": 327285667
  },
  {
    "Id": 75,
    "Make": "Rolls-Royce",
    "Model": "Phantom",
    "TravelledDistance": 225233067
  },
  {
    "Id": 77,
    "Make": "Rolls-Royce",
    "Model": "Phantom",
    "TravelledDistance": 208114157
  },
  {
    "Id": 45,
    "Make": "Rolls-Royce",
    "Model": "Phantom Drophead Coupé",
    "TravelledDistance": 483029198
  },
  {
    "Id": 69,
    "Make": "Rolls-Royce",
    "Model": "Phantom Drophead Coupé",
    "TravelledDistance": 261927306
  },
  {
    "Id": 76,
    "Make": "Rolls-Royce",
    "Model": "Phantom Drophead Coupé",
    "TravelledDistance": 260653592
  },
  {
    "Id": 204,
    "Make": "Ford",
    "Model": "Pinto",
    "TravelledDistance": 416418181
  },
  {
    "Id": 207,
    "Make": "Ford",
    "Model": "Pinto",
    "TravelledDistance": 288047842
  },
  {
    "Id": 313,
    "Make": "Ford",
    "Model": "Pinto",
    "TravelledDistance": 248943927
  },
  {
    "Id": 323,
    "Make": "Ford",
    "Model": "Pinto",
    "TravelledDistance": 240662780
  },
  {
    "Id": 333,
    "Make": "Ford",
    "Model": "Pinto",
    "TravelledDistance": 136428787
  },
  {
    "Id": 328,
    "Make": "Ford",
    "Model": "Pinto",
    "TravelledDistance": 99638597
  },
  {
    "Id": 321,
    "Make": "Toyota",
    "Model": "Prius",
    "TravelledDistance": 508864707
  },
  {
    "Id": 340,
    "Make": "Toyota",
    "Model": "Prius",
    "TravelledDistance": 424624116
  },
  {
    "Id": 338,
    "Make": "Toyota",
    "Model": "Prius",
    "TravelledDistance": 332788407
  },
  {
    "Id": 352,
    "Make": "Toyota",
    "Model": "Prius",
    "TravelledDistance": 280666484
  },
  {
    "Id": 345,
    "Make": "Toyota",
    "Model": "Prius",
    "TravelledDistance": 208912076
  },
  {
    "Id": 288,
    "Make": "Toyota",
    "Model": "Prius",
    "TravelledDistance": 191675886
  },
  {
    "Id": 317,
    "Make": "Toyota",
    "Model": "Prius",
    "TravelledDistance": 142914233
  },
  {
    "Id": 335,
    "Make": "Toyota",
    "Model": "Prius",
    "TravelledDistance": 141313729
  },
  {
    "Id": 314,
    "Make": "Toyota",
    "Model": "Prius",
    "TravelledDistance": 126607020
  },
  {
    "Id": 349,
    "Make": "Toyota",
    "Model": "Prius",
    "TravelledDistance": 78228066
  },
  {
    "Id": 356,
    "Make": "Toyota",
    "Model": "Prius",
    "TravelledDistance": 65891391
  },
  {
    "Id": 319,
    "Make": "Toyota",
    "Model": "Prius",
    "TravelledDistance": 64266329
  },
  {
    "Id": 342,
    "Make": "Toyota",
    "Model": "Prius",
    "TravelledDistance": 8676482
  },
  {
    "Id": 325,
    "Make": "Ford",
    "Model": "Ranger",
    "TravelledDistance": 293626832
  },
  {
    "Id": 322,
    "Make": "Ford",
    "Model": "Ranger",
    "TravelledDistance": 10053919
  },
  {
    "Id": 128,
    "Make": "Skoda",
    "Model": "Rapid",
    "TravelledDistance": 490651056
  },
  {
    "Id": 131,
    "Make": "Skoda",
    "Model": "Rapid",
    "TravelledDistance": 267561546
  },
  {
    "Id": 93,
    "Make": "Skoda",
    "Model": "Rapid Spaceback",
    "TravelledDistance": 477031551
  },
  {
    "Id": 127,
    "Make": "Skoda",
    "Model": "Rapid Spaceback",
    "TravelledDistance": 371247268
  },
  {
    "Id": 306,
    "Make": "Nissan",
    "Model": "Rogue",
    "TravelledDistance": 310364796
  },
  {
    "Id": 310,
    "Make": "Nissan",
    "Model": "Rogue",
    "TravelledDistance": 114846152
  },
  {
    "Id": 121,
    "Make": "Dacia",
    "Model": "Sandero",
    "TravelledDistance": 451514728
  },
  {
    "Id": 123,
    "Make": "Dacia",
    "Model": "Sandero",
    "TravelledDistance": 443192096
  },
  {
    "Id": 117,
    "Make": "Dacia",
    "Model": "Sandero",
    "TravelledDistance": 410003689
  },
  {
    "Id": 113,
    "Make": "Dacia",
    "Model": "Sandero Stepway",
    "TravelledDistance": 279714744
  },
  {
    "Id": 124,
    "Make": "Dacia",
    "Model": "Sandero Stepway",
    "TravelledDistance": 249776933
  },
  {
    "Id": 296,
    "Make": "Great Wall",
    "Model": "Steed 3",
    "TravelledDistance": 431796268
  },
  {
    "Id": 320,
    "Make": "Toyota",
    "Model": "Tacoma",
    "TravelledDistance": 431663130
  },
  {
    "Id": 318,
    "Make": "Toyota",
    "Model": "Tacoma",
    "TravelledDistance": 426059006
  },
  {
    "Id": 341,
    "Make": "Toyota",
    "Model": "Tacoma",
    "TravelledDistance": 425742267
  },
  {
    "Id": 354,
    "Make": "Toyota",
    "Model": "Tacoma",
    "TravelledDistance": 328571532
  },
  {
    "Id": 344,
    "Make": "Toyota",
    "Model": "Tacoma",
    "TravelledDistance": 174113404
  },
  {
    "Id": 287,
    "Make": "Toyota",
    "Model": "Tacoma",
    "TravelledDistance": 157810668
  },
  {
    "Id": 351,
    "Make": "Toyota",
    "Model": "Tacoma",
    "TravelledDistance": 147379564
  },
  {
    "Id": 315,
    "Make": "Toyota",
    "Model": "Tacoma",
    "TravelledDistance": 89596390
  },
  {
    "Id": 203,
    "Make": "Ford",
    "Model": "Taurus",
    "TravelledDistance": 403810025
  },
  {
    "Id": 327,
    "Make": "Ford",
    "Model": "Taurus",
    "TravelledDistance": 176314890
  },
  {
    "Id": 103,
    "Make": "Seat",
    "Model": "Toledo",
    "TravelledDistance": 453385478
  },
  {
    "Id": 109,
    "Make": "Seat",
    "Model": "Toledo",
    "TravelledDistance": 266451047
  },
  {
    "Id": 98,
    "Make": "Seat",
    "Model": "Toledo",
    "TravelledDistance": 196618703
  },
  {
    "Id": 96,
    "Make": "Seat",
    "Model": "Toledo",
    "TravelledDistance": 172222867
  },
  {
    "Id": 134,
    "Make": "Seat",
    "Model": "Toledo",
    "TravelledDistance": 144201918
  },
  {
    "Id": 104,
    "Make": "Seat",
    "Model": "Toledo",
    "TravelledDistance": 43341591
  },
  {
    "Id": 206,
    "Make": "Ford",
    "Model": "Torino",
    "TravelledDistance": 450867168
  },
  {
    "Id": 269,
    "Make": "Ford",
    "Model": "Torino",
    "TravelledDistance": 440155426
  },
  {
    "Id": 330,
    "Make": "Ford",
    "Model": "Torino",
    "TravelledDistance": 85841328
  },
  {
    "Id": 334,
    "Make": "Ford",
    "Model": "Torino",
    "TravelledDistance": 25860756
  },
  {
    "Id": 233,
    "Make": "Opel",
    "Model": "Vectra",
    "TravelledDistance": 433351992
  },
  {
    "Id": 239,
    "Make": "Opel",
    "Model": "Vectra",
    "TravelledDistance": 238042093
  },
  {
    "Id": 290,
    "Make": "Nissan",
    "Model": "Versa",
    "TravelledDistance": 475666874
  },
  {
    "Id": 303,
    "Make": "Nissan",
    "Model": "Versa",
    "TravelledDistance": 440899435
  },
  {
    "Id": 301,
    "Make": "Nissan",
    "Model": "Versa",
    "TravelledDistance": 317911903
  },
  {
    "Id": 219,
    "Make": "Mercedes",
    "Model": "W124",
    "TravelledDistance": 453245765
  },
  {
    "Id": 210,
    "Make": "Mercedes",
    "Model": "W124",
    "TravelledDistance": 41606319
  },
  {
    "Id": 217,
    "Make": "Mercedes",
    "Model": "W202",
    "TravelledDistance": 402675300
  },
  {
    "Id": 201,
    "Make": "Mercedes",
    "Model": "W202",
    "TravelledDistance": 376376181
  },
  {
    "Id": 214,
    "Make": "Mercedes",
    "Model": "W203",
    "TravelledDistance": 259511953
  },
  {
    "Id": 211,
    "Make": "Mercedes",
    "Model": "W204",
    "TravelledDistance": 134106055
  },
  {
    "Id": 218,
    "Make": "Mercedes",
    "Model": "W210",
    "TravelledDistance": 461671208
  },
  {
    "Id": 212,
    "Make": "Mercedes",
    "Model": "W210",
    "TravelledDistance": 181844305
  },
  {
    "Id": 202,
    "Make": "Mercedes",
    "Model": "W211",
    "TravelledDistance": 501021413
  },
  {
    "Id": 216,
    "Make": "Mercedes",
    "Model": "W211",
    "TravelledDistance": 132956063
  },
  {
    "Id": 213,
    "Make": "Mercedes",
    "Model": "W211",
    "TravelledDistance": 130475765
  },
  {
    "Id": 220,
    "Make": "Mercedes",
    "Model": "W212",
    "TravelledDistance": 437173024
  },
  {
    "Id": 182,
    "Make": "Mercedes",
    "Model": "W212",
    "TravelledDistance": 352906120
  },
  {
    "Id": 215,
    "Make": "Mercedes",
    "Model": "W212",
    "TravelledDistance": 278080805
  },
  {
    "Id": 200,
    "Make": "Mercedes",
    "Model": "W212",
    "TravelledDistance": 103410558
  },
  {
    "Id": 209,
    "Make": "Mercedes",
    "Model": "W212",
    "TravelledDistance": 55397761
  },
  {
    "Id": 295,
    "Make": "Great Wall",
    "Model": "Wingle 5",
    "TravelledDistance": 495225064
  },
  {
    "Id": 70,
    "Make": "Rolls-Royce",
    "Model": "Wraith",
    "TravelledDistance": 305587766
  },
  {
    "Id": 68,
    "Make": "Rolls-Royce",
    "Model": "Wraith",
    "TravelledDistance": 193890679
  },
  {
    "Id": 263,
    "Make": "BMW",
    "Model": "X6 M",
    "TravelledDistance": 322292247
  },
  {
    "Id": 256,
    "Make": "BMW",
    "Model": "X6 M",
    "TravelledDistance": 227443571
  },
  {
    "Id": 254,
    "Make": "BMW",
    "Model": "X6 M",
    "TravelledDistance": 183346013
  },
  {
    "Id": 347,
    "Make": "Toyota",
    "Model": "Yaris",
    "TravelledDistance": 439493520
  },
  {
    "Id": 324,
    "Make": "Toyota",
    "Model": "Yaris",
    "TravelledDistance": 285031257
  },
  {
    "Id": 343,
    "Make": "Toyota",
    "Model": "Yaris",
    "TravelledDistance": 18776234
  },
  {
    "Id": 339,
    "Make": "Toyota",
    "Model": "Yaris",
    "TravelledDistance": 17169781
  }
]